[Autoloader] Autoloader invoked.,[CheckDataFile] Found Data File: stel_EDW-SCII-mRemitTransactions_20240731060659.txt
stel_EDW-SCII-mRemitTransactions_20240731060659.txt,20240801_001007
stel_BCC-SCII-BundleOrders_20240801062215.txt,20240801_040407
stel_BCC-SCII-BundleOrders_20240801100144.txt,20240801_040607
stel_BCC-SCII-MTPOSSalesOrders_20240801062222.txt,20240801_040807
stel_BCC-SCII-MTPOSSalesOrders_20240801100255.txt,20240801_041207
stel_BCC-SCII-ClosedFixedVoiceStandaloneOrders_20240801100816.txt,20240801_042206
stel_SAP-SCII-PrepaidSIM_20240801123919.txt,20240801_162007
stel_SAP-SCII-PhoenixCard_20240802013020.txt,20240801_193407
stel_EDW-SCII-mRemitTransactions_20240801050110.txt,20240801_230407
stel_BCC-SCII-BundleOrders_20240802060126.txt,20240802_001007
stel_BCC-SCII-MTPOSSalesOrders_20240802060816.txt,20240802_001407
stel_BCC-SCII-ClosedFixedVoiceStandaloneOrders_20240802064917.txt,20240802_010007
stel_SAP-SCII-PrepaidSIM_20240802123920.txt,20240802_064607
stel_SAP-SCII-PhoenixCard_20240803013021.txt,20240802_193406
stel_EDW-SCII-mRemitTransactions_20240802053335.txt,20240802_233606
stel_BCC-SCII-BundleOrders_20240803060109.txt,20240803_001007
stel_BCC-SCII-MTPOSSalesOrders_20240803060523.txt,20240803_001607
stel_BCC-SCII-ClosedFixedVoiceStandaloneOrders_20240803061428.txt,20240803_002606
stel_SAP-SCII-PrepaidSIM_20240803123921.txt,20240803_064207
stel_SAP-SCII-PhoenixCard_20240804013022.txt,20240803_193207
stel_BCC-SCII-BundleOrders_20240804060036.txt,20240804_000807
stel_BCC-SCII-MTPOSSalesOrders_20240804060258.txt,20240804_001206
stel_BCC-SCII-ClosedFixedVoiceStandaloneOrders_20240804060846.txt,20240804_002007
stel_EDW-SCII-mRemitTransactions_20240803061648.txt,20240804_005007
stel_SAP-SCII-PrepaidSIM_20240804123922.txt,20240804_064207
stel_SAP-SCII-PhoenixCard_20240805013000.txt,20240804_193407
stel_EDW-SCII-mRemitTransactions_20240804054240.txt,20240804_234607
stel_BCC-SCII-BundleOrders_20240805060036.txt,20240805_001007
stel_BCC-SCII-MTPOSSalesOrders_20240805060325.txt,20240805_001607
stel_BCC-SCII-ClosedFixedVoiceStandaloneOrders_20240805060937.txt,20240805_002007
stel_SAP-SCII-PrepaidSIM_20240805123921.txt,20240805_064207
stel_SAP-SCII-PhoenixCard_20240806013004.txt,20240805_193410
stel_EDW-SCII-mRemitTransactions_20240805044931.txt,20240805_225207
stel_BCC-SCII-BundleOrders_20240806060045.txt,20240806_001007
stel_BCC-SCII-MTPOSSalesOrders_20240806060449.txt,20240806_001407
stel_BCC-SCII-ClosedFixedVoiceStandaloneOrders_20240806060855.txt,20240806_002406
stel_SAP-SCII-PrepaidSIM_20240806123923.txt,20240806_064207
stel_CPBSS-SCII-mCashSettlement_20240806124725.txt,20240806_070406
stel_SAP-SCII-PhoenixCard_20240807013001.txt,20240806_193407
stel_EDW-SCII-mRemitTransactions_20240806044507.txt,20240806_224807
stel_BCC-SCII-BundleOrders_20240807060048.txt,20240807_001007
stel_BCC-SCII-MTPOSSalesOrders_20240807060400.txt,20240807_001407
stel_BCC-SCII-ClosedFixedVoiceStandaloneOrders_20240807061024.txt,20240807_002407
stel_SAP-SCII-PrepaidSIM_20240807123924.txt,20240807_064207
stel_SAP-SCII-PhoenixCard_20240808013002.txt,20240807_193409
stel_EDW-SCII-mRemitTransactions_20240807044746.txt,20240807_225206
stel_BCC-SCII-BundleOrders_20240808060047.txt,20240808_001007
stel_BCC-SCII-MTPOSSalesOrders_20240808060531.txt,20240808_001407
stel_BCC-SCII-ClosedFixedVoiceStandaloneOrders_20240808061232.txt,20240808_002807
stel_SAP-SCII-PrepaidSIM_20240808123925.txt,20240808_064206
stel_SAP-SCII-PhoenixCard_20240809013013.txt,20240808_193406
stel_EDW-SCII-mRemitTransactions_20240808044655.txt,20240808_225007
stel_BCC-SCII-BundleOrders_20240809060057.txt,20240809_001007
stel_BCC-SCII-MTPOSSalesOrders_20240809060610.txt,20240809_001407
stel_BCC-SCII-ClosedFixedVoiceStandaloneOrders_20240809061428.txt,20240809_002007
stel_SAP-SCII-PrepaidSIM_20240809123927.txt,20240809_064207
stel_SAP-SCII-PhoenixCard_20240810013023.txt,20240809_193407
stel_EDW-SCII-mRemitTransactions_20240809055647.txt,20240810_000007
stel_BCC-SCII-BundleOrders_20240810060038.txt,20240810_001207
stel_BCC-SCII-MTPOSSalesOrders_20240810060330.txt,20240810_001607
stel_BCC-SCII-ClosedFixedVoiceStandaloneOrders_20240810061125.txt,20240810_003007
stel_SAP-SCII-PrepaidSIM_20240810123928.txt,20240810_064207
stel_SAP-SCII-PhoenixCard_20240811013000.txt,20240810_193407
stel_EDW-SCII-mRemitTransactions_20240810055149.txt,20240810_235406
stel_BCC-SCII-BundleOrders_20240811060103.txt,20240811_001006
stel_BCC-SCII-MTPOSSalesOrders_20240811060421.txt,20240811_001407
stel_BCC-SCII-ClosedFixedVoiceStandaloneOrders_20240811061458.txt,20240811_002207
stel_SAP-SCII-PrepaidSIM_20240811123928.txt,20240811_064207
stel_SAP-SCII-PhoenixCard_20240812013001.txt,20240811_193407
stel_BCC-SCII-BundleOrders_20240812060046.txt,20240812_001007
stel_BCC-SCII-MTPOSSalesOrders_20240812060418.txt,20240812_001607
stel_BCC-SCII-ClosedFixedVoiceStandaloneOrders_20240812061112.txt,20240812_002207
stel_EDW-SCII-mRemitTransactions_20240811091124.txt,20240812_031407
stel_SAP-SCII-PrepaidSIM_20240812123929.txt,20240812_064207
stel_SAP-SCII-PhoenixCard_20240813013002.txt,20240812_193411
stel_EDW-SCII-mRemitTransactions_20240812052140.txt,20240812_232407
stel_BCC-SCII-BundleOrders_20240813060044.txt,20240813_001007
stel_BCC-SCII-MTPOSSalesOrders_20240813060330.txt,20240813_001407
stel_BCC-SCII-ClosedFixedVoiceStandaloneOrders_20240813060854.txt,20240813_002807
stel_SAP-SCII-PrepaidSIM_20240813123930.txt,20240813_064207
stel_SAP-SCII-PhoenixCard_20240814013001.txt,20240813_193407
stel_EDW-SCII-mRemitTransactions_20240813045533.txt,20240813_225807
stel_BCC-SCII-BundleOrders_20240814060039.txt,20240814_001007
stel_BCC-SCII-MTPOSSalesOrders_20240814060407.txt,20240814_001407
stel_BCC-SCII-ClosedFixedVoiceStandaloneOrders_20240814061033.txt,20240814_002406
stel_SAP-SCII-PrepaidSIM_20240814123931.txt,20240814_064207
stel_BCC-SCII-CancellationOrders_20240801062222.txt,20240814_100207
stel_BCC-SCII-CancellationOrders_20240801100420.txt,20240814_101007
stel_BCC-SCII-CancellationOrders_20240802060917.txt,20240814_101607
stel_BCC-SCII-CancellationOrders_20240803060449.txt,20240814_102406
stel_BCC-SCII-CancellationOrders_20240804060321.txt,20240814_103206
stel_BCC-SCII-CancellationOrders_20240805060324.txt,20240814_104207
stel_BCC-SCII-CancellationOrders_20240806060603.txt,20240814_105006
stel_BCC-SCII-CancellationOrders_20240807060508.txt,20240814_105607
stel_BCC-SCII-CancellationOrders_20240808060617.txt,20240814_110207
stel_BCC-SCII-CancellationOrders_20240809060713.txt,20240814_110807
stel_BCC-SCII-CancellationOrders_20240810060358.txt,20240814_111407
stel_BCC-SCII-CancellationOrders_20240811060452.txt,20240814_112007
stel_BCC-SCII-CancellationOrders_20240812060404.txt,20240814_112606
stel_BCC-SCII-CancellationOrders_20240813060419.txt,20240814_113207
stel_BCC-SCII-CancellationOrders_20240814060418.txt,20240814_113807
stel_BCC-SCII-ClosedBroadBandOrders_20240801103500.txt,20240814_114607
stel_BCC-SCII-ClosedBroadBandOrders_20240802073507.txt,20240814_120007
stel_BCC-SCII-ClosedBroadBandOrders_20240803064708.txt,20240814_121407
stel_BCC-SCII-ClosedBroadBandOrders_20240804062933.txt,20240814_123007
stel_BCC-SCII-ClosedBroadBandOrders_20240805062546.txt,20240814_124407
stel_BCC-SCII-ClosedBroadBandOrders_20240806062001.txt,20240814_125607
stel_BCC-SCII-ClosedBroadBandOrders_20240807063505.txt,20240814_131007
stel_BCC-SCII-ClosedBroadBandOrders_20240808070316.txt,20240814_132407
stel_BCC-SCII-ClosedBroadBandOrders_20240809064253.txt,20240814_133607
stel_BCC-SCII-ClosedBroadBandOrders_20240810061919.txt,20240814_134807
stel_BCC-SCII-ClosedBroadBandOrders_20240811063931.txt,20240814_140007
stel_BCC-SCII-ClosedBroadBandOrders_20240812062744.txt,20240814_141207
stel_BCC-SCII-ClosedBroadBandOrders_20240813065353.txt,20240814_142407
stel_BCC-SCII-ClosedBroadBandOrders_20240814064935.txt,20240814_143607
stel_BCC-SCII-ClosedMobileOrders_20240801101021.txt,20240814_145009
stel_BCC-SCII-ClosedMobileOrders_20240802064918.txt,20240814_151209
stel_BCC-SCII-ClosedMobileOrders_20240803062024.txt,20240814_153409
stel_BCC-SCII-ClosedMobileOrders_20240804061255.txt,20240814_155809
stel_BCC-SCII-ClosedMobileOrders_20240805061203.txt,20240814_162209
stel_BCC-SCII-ClosedMobileOrders_20240806061236.txt,20240814_164409
stel_BCC-SCII-ClosedMobileOrders_20240807061341.txt,20240814_170609
stel_BCC-SCII-ClosedMobileOrders_20240808061529.txt,20240814_173009
stel_BCC-SCII-ClosedMobileOrders_20240809061738.txt,20240814_175409
stel_BCC-SCII-ClosedMobileOrders_20240810061407.txt,20240814_182009
stel_BCC-SCII-ClosedMobileOrders_20240811061827.txt,20240814_184409
stel_BCC-SCII-ClosedMobileOrders_20240812061341.txt,20240814_184608
stel_BCC-SCII-ClosedMobileOrders_20240813061209.txt,20240814_184809
stel_BCC-SCII-ClosedMobileOrders_20240814061311.txt,20240814_185009
stel_BCC-SCII-ClosedTVOrders_20240801101139.txt,20240814_185207
stel_BCC-SCII-ClosedTVOrders_20240802070420.txt,20240814_185407
stel_BCC-SCII-ClosedTVOrders_20240803061835.txt,20240814_185607
stel_BCC-SCII-ClosedTVOrders_20240804061132.txt,20240814_185808
stel_BCC-SCII-ClosedTVOrders_20240805061220.txt,20240814_190006
stel_BCC-SCII-ClosedTVOrders_20240806061254.txt,20240814_190207
stel_BCC-SCII-ClosedTVOrders_20240807061605.txt,20240814_190407
stel_BCC-SCII-ClosedTVOrders_20240808061651.txt,20240814_190607
stel_BCC-SCII-ClosedTVOrders_20240809061749.txt,20240814_192607
stel_BCC-SCII-ClosedTVOrders_20240810061337.txt,20240814_195207
stel_SAP-SCII-PhoenixCard_20240815013001.txt,20240814_200806
stel_BCC-SCII-ClosedTVOrders_20240811061827.txt,20240814_201207
stel_BCC-SCII-ClosedTVOrders_20240812061412.txt,20240814_202407
stel_BCC-SCII-ClosedTVOrders_20240813061213.txt,20240814_203607
stel_BCC-SCII-ClosedTVOrders_20240814061436.txt,20240814_204807
stel_BCC-SCII-SubmittedBroadBandOrders_20240801103452.txt,20240814_210007
stel_BCC-SCII-SubmittedBroadBandOrders_20240802073245.txt,20240814_211207
stel_BCC-SCII-SubmittedBroadBandOrders_20240803064444.txt,20240814_212407
stel_BCC-SCII-SubmittedBroadBandOrders_20240804063043.txt,20240814_213607
stel_BCC-SCII-SubmittedBroadBandOrders_20240805063035.txt,20240814_214807
stel_BCC-SCII-SubmittedBroadBandOrders_20240806062305.txt,20240814_215807
stel_BCC-SCII-SubmittedBroadBandOrders_20240807063502.txt,20240814_221007
stel_BCC-SCII-SubmittedBroadBandOrders_20240808070328.txt,20240814_222207
stel_BCC-SCII-SubmittedBroadBandOrders_20240811063733.txt,20240814_223407
stel_BCC-SCII-SubmittedBroadBandOrders_20240812063151.txt,20240814_224407
stel_BCC-SCII-SubmittedBroadBandOrders_20240813065123.txt,20240814_225807
stel_BCC-SCII-SubmittedBroadBandOrders_20240814064815.txt,20240814_231007
stel_BCC-SCII-SubmittedMobileOrders_20240801101020.txt,20240814_232208
stel_BCC-SCII-SubmittedMobileOrders_20240802064917.txt,20240814_234609
stel_BCC-SCII-SubmittedMobileOrders_20240803062028.txt,20240815_001009
stel_BCC-SCII-SubmittedMobileOrders_20240804061159.txt,20240815_003409
stel_BCC-SCII-SubmittedMobileOrders_20240805061205.txt,20240815_005809
stel_BCC-SCII-SubmittedMobileOrders_20240809061738.txt,20240815_012209
stel_BCC-SCII-SubmittedMobileOrders_20240811061830.txt,20240815_014608
stel_BCC-SCII-SubmittedMobileOrders_20240812061344.txt,20240815_021009
stel_BCC-SCII-SubmittedMobileOrders_20240813061214.txt,20240815_023409
stel_BCC-SCII-SubmittedMobileOrders_20240814061310.txt,20240815_030008
stel_BCC-SCII-SubmittedTVOrders_20240802070242.txt,20240815_032607
stel_BCC-SCII-SubmittedTVOrders_20240803061839.txt,20240815_034007
stel_BCC-SCII-SubmittedTVOrders_20240804061130.txt,20240815_035407
stel_BCC-SCII-SubmittedTVOrders_20240805061223.txt,20240815_040807
stel_BCC-SCII-SubmittedTVOrders_20240806061301.txt,20240815_042007
stel_BCC-SCII-SubmittedTVOrders_20240807061611.txt,20240815_043607
stel_BCC-SCII-SubmittedTVOrders_20240808061657.txt,20240815_045007
stel_BCC-SCII-SubmittedTVOrders_20240809061750.txt,20240815_050407
stel_BCC-SCII-SubmittedTVOrders_20240811061831.txt,20240815_051807
stel_BCC-SCII-SubmittedTVOrders_20240812061415.txt,20240815_053207
stel_BCC-SCII-SubmittedTVOrders_20240813061217.txt,20240815_054407
stel_BCC-SCII-SubmittedTVOrders_20240814061437.txt,20240815_055807
stel_BCC-SCII-BundleOrders_20240815060041.txt,20240815_061407
stel_BCC-SCII-MTPOSSalesOrders_20240815060503.txt,20240815_061807
stel_BCC-SCII-CancellationOrders_20240815060547.txt,20240815_062207
stel_BCC-SCII-SubmittedMobileOrders_20240806061225.txt,20240815_063009
stel_SAP-SCII-PrepaidSIM_20240815123928.txt,20240815_065406
stel_BCC-SCII-ClosedFixedVoiceStandaloneOrders_20240815061601.txt,20240815_065807
stel_EDW-SCII-mRemitTransactions_20240814062019.txt,20240815_071807
stel_BCC-SCII-ClosedMobileOrders_20240815062119.txt,20240815_072208
stel_BCC-SCII-SubmittedMobileOrders_20240815062120.txt,20240815_074609
stel_BCC-SCII-ClosedTVOrders_20240815062356.txt,20240815_081007
stel_BCC-SCII-ClosedBroadBandOrders_20240815064638.txt,20240815_082407
stel_BCC-SCII-SubmittedBroadBandOrders_20240815065029.txt,20240815_083607
stel_BCC-SCII-SubmittedMobileOrders_20240810061407.txt,20240815_085009
stel_BCC-SCII-SubmittedTVOrders_20240810061338.txt,20240815_091807
stel_BCC-SCII-SubmittedBroadBandOrders_20240809064309.txt,20240815_093007
stel_BCC-SCII-SubmittedBroadBandOrders_20240810062943.txt,20240815_094407
stel_BCC-SCII-SubmittedTVOrders_20240815062326.txt,20240815_095807
stel_BCC-SCII-SubmittedMobileOrders_20240807061335.txt,20240815_101208
stel_BCC-SCII-SubmittedMobileOrders_20240808061530.txt,20240815_103809
stel_BCC-SCII-SubmittedTVOrders_20240801101143.txt,20240815_110407
stel_BCC-SCII-SubmittedBroadBandOrders_20240801103452.txt,20240815_152007
stel_BCC-SCII-ClosedMobileOrders_20240801101021.txt,20240815_153408
stel_BCC-SCII-ClosedTVOrders_20240801101139.txt,20240815_155807
stel_BCC-SCII-SubmittedMobileOrders_20240801101020.txt,20240815_161208
stel_BCC-SCII-SubmittedTVOrders_20240801101143.txt,20240815_163607
stel_SAP-SCII-PhoenixCard_20240816013002.txt,20240815_193407
stel_BCC-SCII-BundleOrders_20240816060052.txt,20240816_001007
stel_BCC-SCII-MTPOSSalesOrders_20240816060510.txt,20240816_001407
stel_BCC-SCII-CancellationOrders_20240816060623.txt,20240816_001807
stel_BCC-SCII-ClosedFixedVoiceStandaloneOrders_20240816061116.txt,20240816_003007
stel_BCC-SCII-SubmittedMobileOrders_20240816061540.txt,20240816_004809
stel_BCC-SCII-ClosedMobileOrders_20240816061547.txt,20240816_011409
stel_BCC-SCII-ClosedTVOrders_20240816061731.txt,20240816_013807
stel_BCC-SCII-SubmittedTVOrders_20240816061736.txt,20240816_015207
stel_EDW-SCII-mRemitTransactions_20240815063713.txt,20240816_020607
stel_BCC-SCII-SubmittedBroadBandOrders_20240816065009.txt,20240816_021007
stel_BCC-SCII-ClosedBroadBandOrders_20240816065012.txt,20240816_022407
stel_SAP-SCII-PrepaidSIM_20240816123933.txt,20240816_064207
stel_SAP-SCII-PhoenixCard_20240817013002.txt,20240816_193407
stel_BCC-SCII-BundleOrders_20240817060138.txt,20240817_001006
stel_BCC-SCII-MTPOSSalesOrders_20240817060558.txt,20240817_001407
stel_BCC-SCII-CancellationOrders_20240817060645.txt,20240817_002007
stel_BCC-SCII-ClosedFixedVoiceStandaloneOrders_20240817062637.txt,20240817_003807
stel_BCC-SCII-ClosedTVOrders_20240817063201.txt,20240817_005807
stel_BCC-SCII-SubmittedTVOrders_20240817063202.txt,20240817_011407
stel_BCC-SCII-ClosedMobileOrders_20240817063138.txt,20240817_012608
stel_BCC-SCII-SubmittedMobileOrders_20240817063141.txt,20240817_015009
stel_BCC-SCII-SubmittedBroadBandOrders_20240817070001.txt,20240817_021607
stel_BCC-SCII-ClosedBroadBandOrders_20240817070259.txt,20240817_023007
stel_SAP-SCII-PrepaidSIM_20240817123933.txt,20240817_064406
stel_SAP-SCII-PhoenixCard_20240818013004.txt,20240817_193407
stel_EDW-SCII-mRemitTransactions_20240817054737.txt,20240817_235007
stel_BCC-SCII-BundleOrders_20240818060036.txt,20240818_001007
stel_BCC-SCII-MTPOSSalesOrders_20240818060322.txt,20240818_001407
stel_BCC-SCII-CancellationOrders_20240818060348.txt,20240818_001807
stel_BCC-SCII-ClosedFixedVoiceStandaloneOrders_20240818060945.txt,20240818_002807
stel_BCC-SCII-ClosedTVOrders_20240818061345.txt,20240818_004807
stel_BCC-SCII-SubmittedTVOrders_20240818061353.txt,20240818_010007
stel_BCC-SCII-ClosedMobileOrders_20240818061250.txt,20240818_011209
stel_BCC-SCII-SubmittedMobileOrders_20240818061252.txt,20240818_013609
stel_BCC-SCII-ClosedBroadBandOrders_20240818063128.txt,20240818_020207
stel_BCC-SCII-SubmittedBroadBandOrders_20240818063303.txt,20240818_021407
stel_SAP-SCII-PrepaidSIM_20240818123934.txt,20240818_064207
stel_BCC-SCII-ClosedBroadBandOrders_20240813065353.txt,20240818_074607
stel_BCC-SCII-ClosedMobileOrders_20240802064918.txt,20240818_080009
stel_BCC-SCII-ClosedMobileOrders_20240803062024.txt,20240818_082609
stel_BCC-SCII-ClosedMobileOrders_20240804061255.txt,20240818_085009
stel_BCC-SCII-ClosedMobileOrders_20240805061203.txt,20240818_091608
stel_BCC-SCII-ClosedMobileOrders_20240806061236.txt,20240818_094808
stel_BCC-SCII-ClosedMobileOrders_20240807061341.txt,20240818_101609
stel_BCC-SCII-ClosedMobileOrders_20240808061529.txt,20240818_104209
stel_BCC-SCII-ClosedMobileOrders_20240809061738.txt,20240818_110609
stel_BCC-SCII-ClosedTVOrders_20240813061213.txt,20240818_113407
stel_BCC-SCII-ClosedTVOrders_20240814061436.txt,20240818_114807
stel_BCC-SCII-ClosedTVOrders_20240815062356.txt,20240818_120207
stel_BCC-SCII-ClosedTVOrders_20240816061731.txt,20240818_121807
stel_BCC-SCII-ClosedTVOrders_20240817063201.txt,20240818_123407
stel_BCC-SCII-ClosedTVOrders_20240818061345.txt,20240818_124807
stel_ITDM-SCII-PrepaidTopup_20240710.txt,20240818_150207
stel_ITDM-SCII-PrepaidTopup_20240711.txt,20240818_150807
stel_ITDM-SCII-PrepaidTopup_20240712.txt,20240818_151407
stel_ITDM-SCII-PrepaidTopup_20240713.txt,20240818_152007
stel_ITDM-SCII-PrepaidTopup_20240714.txt,20240818_152607
stel_ITDM-SCII-PrepaidTopup_20240715.txt,20240818_153207
stel_ITDM-SCII-PrepaidTopup_20240716.txt,20240818_153807
stel_ITDM-SCII-PrepaidTopup_20240717.txt,20240818_154406
stel_ITDM-SCII-PrepaidTopup_20240718.txt,20240818_155007
stel_ITDM-SCII-PrepaidTopup_20240719.txt,20240818_155607
stel_ITDM-SCII-PrepaidTopup_20240720.txt,20240818_160207
stel_ITDM-SCII-PrepaidTopup_20240721.txt,20240818_161007
stel_ITDM-SCII-PrepaidTopup_20240722.txt,20240818_161807
stel_ITDM-SCII-PrepaidTopup_20240723.txt,20240818_162607
stel_ITDM-SCII-PrepaidTopup_20240724.txt,20240818_163407
stel_ITDM-SCII-PrepaidTopup_20240725.txt,20240818_164207
stel_ITDM-SCII-PrepaidTopup_20240726.txt,20240818_165007
stel_ITDM-SCII-PrepaidTopup_20240727.txt,20240818_165807
stel_ITDM-SCII-PrepaidTopup_20240728.txt,20240818_170407
stel_ITDM-SCII-PrepaidTopup_20240729.txt,20240818_171006
stel_ITDM-SCII-PrepaidTopup_20240730.txt,20240818_171607
stel_ITDM-SCII-PrepaidTopup_20240731.txt,20240818_172407
stel_BCC-SCII-ClosedMobileOrders_20240810061407.txt,20240818_173209
stel_BCC-SCII-ClosedMobileOrders_20240811061827.txt,20240818_175809
stel_BCC-SCII-ClosedMobileOrders_20240812061341.txt,20240818_182608
stel_BCC-SCII-ClosedMobileOrders_20240813061209.txt,20240818_185409
stel_BCC-SCII-ClosedMobileOrders_20240814061311.txt,20240818_192009
stel_SAP-SCII-PhoenixCard_20240819013004.txt,20240818_194807
stel_BCC-SCII-BundleOrders_20240819060031.txt,20240819_000807
stel_BCC-SCII-MTPOSSalesOrders_20240819060321.txt,20240819_001407
stel_BCC-SCII-CancellationOrders_20240819060344.txt,20240819_001807
stel_BCC-SCII-ClosedFixedVoiceStandaloneOrders_20240819060905.txt,20240819_003006
stel_BCC-SCII-SubmittedTVOrders_20240819061320.txt,20240819_005007
stel_BCC-SCII-ClosedTVOrders_20240819061328.txt,20240819_010407
stel_BCC-SCII-ClosedMobileOrders_20240819061308.txt,20240819_011608
stel_BCC-SCII-SubmittedMobileOrders_20240819061308.txt,20240819_014009
stel_BCC-SCII-SubmittedBroadBandOrders_20240819062448.txt,20240819_020806
stel_BCC-SCII-ClosedBroadBandOrders_20240819062617.txt,20240819_022207
stel_EDW-SCII-mRemitTransactions_20240818102504.txt,20240819_042807
stel_SAP-SCII-PrepaidSIM_20240819123935.txt,20240819_064207
stel_BCC-SCII-ClosedTVOrders_20240802070420.txt,20240819_094607
stel_BCC-SCII-ClosedTVOrders_20240803061835.txt,20240819_100607
stel_BCC-SCII-ClosedTVOrders_20240804061132.txt,20240819_102207
stel_BCC-SCII-ClosedTVOrders_20240805061220.txt,20240819_103407
stel_BCC-SCII-ClosedTVOrders_20240806061254.txt,20240819_104607
stel_BCC-SCII-ClosedTVOrders_20240807061605.txt,20240819_110007
stel_BCC-SCII-ClosedTVOrders_20240808061651.txt,20240819_111407
stel_SAP-SCII-PhoenixCard_20240820013005.txt,20240820_125007
stel_EDW-SCII-mRemitTransactions_20240819050700.txt,20240820_130007
stel_BCC-SCII-BundleOrders_20240820060039.txt,20240820_131006
stel_BCC-SCII-MTPOSSalesOrders_20240820060452.txt,20240820_131407
stel_BCC-SCII-CancellationOrders_20240820060616.txt,20240820_131807
stel_BCC-SCII-ClosedFixedVoiceStandaloneOrders_20240820061008.txt,20240820_133607
stel_BCC-SCII-ClosedMobileOrders_20240820061221.txt,20240820_135208
stel_BCC-SCII-ClosedTVOrders_20240820061327.txt,20240820_141407
stel_BCC-SCII-SubmittedTVOrders_20240820061329.txt,20240820_142807
stel_BCC-SCII-SubmittedMobileOrders_20240820061231.txt,20240820_144209
stel_BCC-SCII-SubmittedBroadBandOrders_20240820063403.txt,20240820_151007
stel_BCC-SCII-ClosedBroadBandOrders_20240820063440.txt,20240820_152407
stel_SAP-SCII-PrepaidSIM_20240820123936.txt,20240820_154007
stel_MDLT-Internal-ProductTarget_202400815.txt,20240820_162406
stel_FixedValue-STVTeleSales-Target_20240819.txt,20240820_164007
stel_MDLT-Internal-ProductTarget_20240818.txt,20240820_170606
stel_ITDM-SCII-PrepaidTopup_20240704.txt,20240820_171007
stel_ITDM-SCII-PrepaidTopup_20240705.txt,20240820_171807
stel_ITDM-SCII-PrepaidTopup_20240707.txt,20240820_172607
stel_ITDM-SCII-PrepaidTopup_20240708.txt,20240820_173407
stel_ITDM-SCII-PrepaidTopup_20240709.txt,20240820_174207
stel_ITDM-SCII-PrepaidTopup_20240701.txt,20240820_180007
stel_ITDM-SCII-PrepaidTopup_20240702.txt,20240820_180807
stel_ITDM-SCII-PrepaidTopup_20240703.txt,20240820_181607
stel_ITDM-SCII-PrepaidTopup_20240706.txt,20240820_182407
stel_BCC-SCII-SubmittedMobileOrders_20240700000001.txt,20240820_183208
stel_BCC-SCII-SubmittedTVOrders_20240700000001.txt,20240820_185607
stel_BCC-SCII-SubmittedBroadBandOrders_20240702071802.txt,20240820_192207
stel_SAP-SCII-PhoenixCard_20240821013006.txt,20240820_194406
stel_BCC-SCII-SubmittedBroadBandOrders_20240703071149.txt,20240820_194807
stel_BCC-SCII-SubmittedBroadBandOrders_20240704063723.txt,20240820_200407
stel_BCC-SCII-SubmittedBroadBandOrders_20240705065650.txt,20240820_202007
stel_BCC-SCII-SubmittedBroadBandOrders_20240706071031.txt,20240820_203807
stel_BCC-SCII-SubmittedBroadBandOrders_20240707063413.txt,20240820_205607
stel_BCC-SCII-SubmittedBroadBandOrders_20240708063320.txt,20240820_211807
stel_BCC-SCII-SubmittedBroadBandOrders_20240709065637.txt,20240820_213407
stel_BCC-SCII-SubmittedBroadBandOrders_20240710064132.txt,20240820_215407
stel_BCC-SCII-SubmittedBroadBandOrders_20240711070309.txt,20240820_221408
stel_BCC-SCII-SubmittedBroadBandOrders_20240712064918.txt,20240820_223207
stel_BCC-SCII-SubmittedBroadBandOrders_20240713065604.txt,20240820_225207
stel_BCC-SCII-SubmittedBroadBandOrders_20240714063252.txt,20240820_231608
stel_BCC-SCII-SubmittedBroadBandOrders_20240715062643.txt,20240820_233807
stel_EDW-SCII-mRemitTransactions_20240820044841.txt,20240820_235806
stel_BCC-SCII-SubmittedBroadBandOrders_20240716065044.txt,20240821_000207
stel_BCC-SCII-ClosedMobileOrders_20240821061234.txt,20240821_002009
stel_BCC-SCII-SubmittedBroadBandOrders_20240723070434.txt,20240821_005407
stel_BCC-SCII-ClosedBroadBandOrders_20240821065107.txt,20240821_011407
stel_BCC-SCII-SubmittedBroadBandOrders_20240725065742.txt,20240821_013407
stel_BCC-SCII-SubmittedBroadBandOrders_20240727065417.txt,20240821_015407
stel_BCC-SCII-SubmittedBroadBandOrders_20240728063528.txt,20240821_021607
stel_BCC-SCII-SubmittedBroadBandOrders_20240729063210.txt,20240821_023806
stel_BCC-SCII-SubmittedBroadBandOrders_20240730064925.txt,20240821_025807
stel_BCC-SCII-SubmittedBroadBandOrders_20240731063931.txt,20240821_032007
stel_BCC-SCII-SubmittedBroadBandOrders_20240801103452.txt,20240821_034207
stel_BCC-SCII-SubmittedBroadBandOrders_20240717065608.txt,20240821_040007
stel_BCC-SCII-SubmittedBroadBandOrders_20240718070513.txt,20240821_042007
stel_BCC-SCII-SubmittedBroadBandOrders_20240719064639.txt,20240821_044007
stel_BCC-SCII-SubmittedBroadBandOrders_20240720063949.txt,20240821_050007
stel_BCC-SCII-SubmittedBroadBandOrders_20240721064452.txt,20240821_051807
stel_BCC-SCII-SubmittedBroadBandOrders_20240722063250.txt,20240821_053807
stel_BCC-SCII-BundleOrders_20240821060047.txt,20240821_060207
stel_BCC-SCII-MTPOSSalesOrders_20240821060444.txt,20240821_060607
stel_BCC-SCII-CancellationOrders_20240821060550.txt,20240821_061007
stel_BCC-SCII-ClosedFixedVoiceStandaloneOrders_20240821060936.txt,20240821_062606
stel_SAP-SCII-PrepaidSIM_20240821123935.txt,20240821_064207
stel_BCC-SCII-ClosedTVOrders_20240821061333.txt,20240821_065007
stel_BCC-SCII-SubmittedTVOrders_20240821061340.txt,20240821_070807
stel_BCC-SCII-SubmittedMobileOrders_20240821061224.txt,20240821_072408
stel_BCC-SCII-SubmittedBroadBandOrders_20240821064733.txt,20240821_075207
stel_BCC-SCII-SubmittedBroadBandOrders_20240724065200.txt,20240821_081007
stel_BCC-SCII-SubmittedBroadBandOrders_20240726063956.txt,20240821_082607
stel_HRCentral-SCII-LeaveDetails_20240819080808.txt,20240821_165207
stel_HRCentral-SCII-LeaveDetails_20240819080808.txt,
stel_SAP-SCII-PhoenixCard_20240822013002.txt,20240821_193209
stel_EDW-SCII-mRemitTransactions_20240821045711.txt,20240821_230007
stel_BCC-SCII-BundleOrders_20240822060056.txt,20240822_001007
stel_BCC-SCII-MTPOSSalesOrders_20240822060551.txt,20240822_001407
stel_BCC-SCII-CancellationOrders_20240822060728.txt,20240822_001806
stel_BCC-SCII-ClosedFixedVoiceStandaloneOrders_20240822061115.txt,20240822_003607
stel_BCC-SCII-SubmittedMobileOrders_20240822061503.txt,20240822_005608
stel_BCC-SCII-ClosedMobileOrders_20240822061503.txt,20240822_012009
stel_BCC-SCII-ClosedTVOrders_20240822061645.txt,20240822_014607
stel_BCC-SCII-SubmittedTVOrders_20240822061652.txt,20240822_020007
stel_BCC-SCII-ClosedBroadBandOrders_20240822064624.txt,20240822_021607
stel_BCC-SCII-SubmittedBroadBandOrders_20240822064751.txt,20240822_023207
stel_SAP-SCII-PrepaidSIM_20240822123937.txt,20240822_064207
stel_Concerto-SCII-SIMRegistrationtransactions_20240700000001.txt,20240822_142407
stel_SAP-SCII-PhoenixCard_20240823013002.txt,20240822_193407
stel_EDW-SCII-mRemitTransactions_20240822045403.txt,20240822_225807
stel_BCC-SCII-BundleOrders_20240823060212.txt,20240823_001207
stel_BCC-SCII-MTPOSSalesOrders_20240823060649.txt,20240823_001407
stel_BCC-SCII-CancellationOrders_20240823060934.txt,20240823_001807
stel_BCC-SCII-ClosedFixedVoiceStandaloneOrders_20240823064033.txt,20240823_004807
stel_BCC-SCII-ClosedTVOrders_20240823064452.txt,20240823_011007
stel_BCC-SCII-SubmittedTVOrders_20240823064518.txt,20240823_013007
stel_BCC-SCII-SubmittedMobileOrders_20240823064451.txt,20240823_015008
stel_BCC-SCII-ClosedMobileOrders_20240823064451.txt,20240823_022609
stel_BCC-SCII-ClosedBroadBandOrders_20240823071258.txt,20240823_030207
stel_BCC-SCII-SubmittedBroadBandOrders_20240823071521.txt,20240823_032207
stel_SAP-SCII-PrepaidSIM_20240823123938.txt,20240823_064407
stel_SAP-SCII-PhoenixCard_20240824013003.txt,20240823_193207
stel_EDW-SCII-mRemitTransactions_20240823044047.txt,20240823_224407
stel_BCC-SCII-BundleOrders_20240824060103.txt,20240824_001006
stel_BCC-SCII-MTPOSSalesOrders_20240824060251.txt,20240824_001407
stel_BCC-SCII-CancellationOrders_20240824060515.txt,20240824_001806
stel_BCC-SCII-ClosedFixedVoiceStandaloneOrders_20240824062239.txt,20240824_003407
stel_BCC-SCII-ClosedTVOrders_20240824062609.txt,20240824_010007
stel_BCC-SCII-SubmittedTVOrders_20240824062621.txt,20240824_011408
stel_BCC-SCII-ClosedMobileOrders_20240824062607.txt,20240824_012809
stel_BCC-SCII-SubmittedMobileOrders_20240824062609.txt,20240824_015409
stel_BCC-SCII-SubmittedBroadBandOrders_20240824065027.txt,20240824_022207
stel_BCC-SCII-ClosedBroadBandOrders_20240824065239.txt,20240824_023807
stel_SAP-SCII-PrepaidSIM_20240824123938.txt,20240824_064207
stel_SAP-SCII-PhoenixCard_20240825013004.txt,20240824_193407
stel_BCC-SCII-BundleOrders_20240825060032.txt,20240825_001007
stel_BCC-SCII-MTPOSSalesOrders_20240825060207.txt,20240825_001407
stel_EDW-SCII-mRemitTransactions_20240824060233.txt,20240825_001807
stel_BCC-SCII-CancellationOrders_20240825060334.txt,20240825_002207
stel_BCC-SCII-ClosedFixedVoiceStandaloneOrders_20240825061513.txt,20240825_004006
stel_BCC-SCII-ClosedTVOrders_20240825061935.txt,20240825_005607
stel_BCC-SCII-SubmittedTVOrders_20240825061946.txt,20240825_011007
stel_BCC-SCII-SubmittedMobileOrders_20240825061852.txt,20240825_012409
stel_BCC-SCII-ClosedMobileOrders_20240825061852.txt,20240825_015009
stel_BCC-SCII-ClosedBroadBandOrders_20240825063402.txt,20240825_021407
stel_BCC-SCII-SubmittedBroadBandOrders_20240825063409.txt,20240825_023007
stel_SAP-SCII-PrepaidSIM_20240825123940.txt,20240825_064206
stel_SAP-SCII-PhoenixCard_20240826013002.txt,20240825_193407
stel_BCC-SCII-BundleOrders_20240826060032.txt,20240826_001007
stel_BCC-SCII-MTPOSSalesOrders_20240826060245.txt,20240826_001407
stel_BCC-SCII-CancellationOrders_20240826060341.txt,20240826_001807
stel_BCC-SCII-ClosedFixedVoiceStandaloneOrders_20240826060740.txt,20240826_003607
stel_BCC-SCII-SubmittedMobileOrders_20240826061005.txt,20240826_005209
stel_BCC-SCII-ClosedTVOrders_20240826061132.txt,20240826_011806
stel_BCC-SCII-SubmittedTVOrders_20240826061134.txt,20240826_013007
stel_BCC-SCII-ClosedMobileOrders_20240826061128.txt,20240826_014408
stel_BCC-SCII-ClosedBroadBandOrders_20240826062641.txt,20240826_020807
stel_BCC-SCII-SubmittedBroadBandOrders_20240826062849.txt,20240826_022407
stel_EDW-SCII-mRemitTransactions_20240825085535.txt,20240826_025806
stel_SAP-SCII-PrepaidSIM_20240826123941.txt,20240826_064206
stel_SAP-SCII-PhoenixCard_20240827013005.txt,20240826_193411
stel_EDW-SCII-mRemitTransactions_20240826045851.txt,20240826_230407
stel_BCC-SCII-BundleOrders_20240827060117.txt,20240827_001207
stel_BCC-SCII-MTPOSSalesOrders_20240827060418.txt,20240827_001407
stel_BCC-SCII-CancellationOrders_20240827060602.txt,20240827_001807
stel_BCC-SCII-ClosedFixedVoiceStandaloneOrders_20240827061015.txt,20240827_003206
stel_BCC-SCII-ClosedMobileOrders_20240827061253.txt,20240827_005408
stel_BCC-SCII-SubmittedMobileOrders_20240827061301.txt,20240827_012609
stel_BCC-SCII-SubmittedTVOrders_20240827061642.txt,20240827_020207
stel_BCC-SCII-ClosedTVOrders_20240827061643.txt,20240827_022607
stel_BCC-SCII-SubmittedBroadBandOrders_20240827064059.txt,20240827_024807
stel_BCC-SCII-ClosedBroadBandOrders_20240827064103.txt,20240827_030607
stel_SAP-SCII-PrepaidSIM_20240827123941.txt,20240827_064206
stel_SCSS-SCII-BSCSalesOrders_20240826175509.txt,20240827_123007
stel_EDW-SCII-PrepaidBBOM_20240700000002.txt,20240827_142806
stel_EDW-SCII-mRemitTransactions_20240700000002.txt,20240827_190407
stel_SAP-SCII-PhoenixCard_20240828013002.txt,20240827_193407
stel_BCC-SCII-BundleOrders_20240828060056.txt,20240828_001006
stel_BCC-SCII-MTPOSSalesOrders_20240828060516.txt,20240828_001407
stel_BCC-SCII-CancellationOrders_20240828060635.txt,20240828_001807
stel_BCC-SCII-ClosedFixedVoiceStandaloneOrders_20240828061130.txt,20240828_003607
stel_BCC-SCII-SubmittedMobileOrders_20240828061616.txt,20240828_005009
stel_BCC-SCII-ClosedMobileOrders_20240828061620.txt,20240828_011409
stel_BCC-SCII-ClosedTVOrders_20240828062011.txt,20240828_013807
stel_BCC-SCII-SubmittedTVOrders_20240828062015.txt,20240828_015207
stel_BCC-SCII-ClosedBroadBandOrders_20240828065444.txt,20240828_020607
stel_BCC-SCII-SubmittedBroadBandOrders_20240828065746.txt,20240828_022007
stel_SAP-SCII-PrepaidSIM_20240828123929.txt,20240828_064406
stel_SAP-SCII-PhoenixCard_20240829013007.txt,20240828_193409
stel_EDW-SCII-mRemitTransactions_20240828044607.txt,20240828_224807
stel_BCC-SCII-BundleOrders_20240829060041.txt,20240829_001007
stel_BCC-SCII-MTPOSSalesOrders_20240829060444.txt,20240829_001407
stel_BCC-SCII-CancellationOrders_20240829060639.txt,20240829_001806
stel_BCC-SCII-ClosedFixedVoiceStandaloneOrders_20240829061024.txt,20240829_003607
stel_BCC-SCII-ClosedMobileOrders_20240829061255.txt,20240829_005209
stel_BCC-SCII-SubmittedMobileOrders_20240829061256.txt,20240829_011609
stel_BCC-SCII-ClosedTVOrders_20240829061633.txt,20240829_014207
stel_BCC-SCII-SubmittedTVOrders_20240829061644.txt,20240829_015607
stel_BCC-SCII-ClosedBroadBandOrders_20240829064639.txt,20240829_021207
stel_BCC-SCII-SubmittedBroadBandOrders_20240829064655.txt,20240829_022807
stel_SAP-SCII-PrepaidSIM_20240829123917.txt,20240829_064206
stel_BCC-SCII-ClosedFixedVoiceStandaloneOrders_20240723061958.txt,20240829_093607
stel_BCC-SCII-MTPOSSalesOrders_20240826060245.txt,20240829_094807
stel_SAP-SCII-PhoenixCard_20240830013009.txt,20240829_193407
stel_EDW-SCII-mRemitTransactions_20240829043848.txt,20240829_224207
stel_BCC-SCII-BundleOrders_20240830060042.txt,20240830_000807
stel_BCC-SCII-MTPOSSalesOrders_20240830060435.txt,20240830_001206
stel_BCC-SCII-CancellationOrders_20240830060525.txt,20240830_001607
stel_BCC-SCII-ClosedFixedVoiceStandaloneOrders_20240830061017.txt,20240830_003407
stel_BCC-SCII-ClosedMobileOrders_20240830061257.txt,20240830_005008
stel_BCC-SCII-SubmittedMobileOrders_20240830061257.txt,20240830_011409
stel_BCC-SCII-ClosedTVOrders_20240830061529.txt,20240830_014207
stel_BCC-SCII-SubmittedTVOrders_20240830061547.txt,20240830_015607
stel_BCC-SCII-ClosedBroadBandOrders_20240830063814.txt,20240830_021407
stel_BCC-SCII-SubmittedBroadBandOrders_20240830064310.txt,20240830_022807
stel_SAP-SCII-PrepaidSIM_20240830123917.txt,20240830_064207
stel_BCC-SCII-ClosedBroadBandOrders_20240814064935.txt,20240830_123007
stel_BCC-SCII-MTPOSSalesOrders_20240811060421.txt,20240830_124807
stel_BCC-SCII-SubmittedMobileOrders_20240814061310.txt,20240830_155009
stel_SAP-SCII-PhoenixCard_20240831013008.txt,20240830_193406
stel_EDW-SCII-mRemitTransactions_20240830045518.txt,20240830_225607
stel_BCC-SCII-BundleOrders_20240831060058.txt,20240831_001007
stel_BCC-SCII-MTPOSSalesOrders_20240831060352.txt,20240831_001407
stel_BCC-SCII-CancellationOrders_20240831060502.txt,20240831_001806
stel_BCC-SCII-ClosedFixedVoiceStandaloneOrders_20240831061609.txt,20240831_004207
stel_BCC-SCII-SubmittedTVOrders_20240831062332.txt,20240831_010407
stel_BCC-SCII-ClosedTVOrders_20240831062336.txt,20240831_012207
stel_BCC-SCII-SubmittedMobileOrders_20240831062244.txt,20240831_013809
stel_BCC-SCII-ClosedMobileOrders_20240831062237.txt,20240831_020609
stel_BCC-SCII-ClosedBroadBandOrders_20240831065613.txt,20240831_023207
stel_BCC-SCII-SubmittedBroadBandOrders_20240831065749.txt,20240831_024807
stel_SAP-SCII-PrepaidSIM_20240831123918.txt,20240831_064207
stel_SAP-SCII-BulkSalesZYRPT212_20240901003000.txt,20240831_183407
stel_SAP-SCII-PhoenixCard_20240901013001.txt,20240831_193407
stel_EDW-SCII-mRemitTransactions_20240831051723.txt,20240831_232006
